INDICATIVO,AÑO,MES,NOMBRE,ALTITUD,LONGITUD,LATITUD,P1,P2,P3,P4,P5,P6,P7,P8,P9,P10,P11,P12,P13,P14,P15,P16,P17,P18,P19,P20,P21,P22,P23,P24,P25,P26,P27,P28,P29,P30,P31
0390D,1992,1,OLOT (PARC NOU),440,228471,421015,0,0,0,0,0,0,0,0,0,26,5,172,0,0,0,0,0,0,0,0,70,250,1800,105,0,0,0,0,0,0,0
0390D,1992,2,OLOT (PARC NOU),440,228471,421015,0,0,0,0,0,0,0,0,0,0,0,0,78,0,0,0,0,0,6,0,0,0,0,40,20,92,13,0,0,,
0390D,1992,3,OLOT (PARC NOU),440,228471,421015,0,0,0,100,316,15,0,175,0,0,0,0,0,0,0,0,0,0,0,0,0,0,0,158,160,0,0,0,0,70,0
0390D,1992,4,OLOT (PARC NOU),440,228471,421015,0,0,0,255,6,0,20,0,0,0,0,0,0,0,53,0,0,0,0,0,0,0,0,0,0,0,0,0,0,0,
0390D,1992,5,OLOT (PARC NOU),440,228471,421015,0,437,0,0,0,22,0,0,0,0,0,0,0,0,0,0,0,0,120,80,60,100,0,280,10,0,0,0,0,65,150
0390D,1992,6,OLOT (PARC NOU),440,228471,421015,385,1,115,45,0,292,83,30,160,0,83,3,42,39,0,0,19,78,17,448,0,158,5,34,20,0,0,0,0,0,
0390D,1992,7,OLOT (PARC NOU),440,228471,421015,80,0,0,387,480,138,23,143,174,119,0,0,0,0,0,36,0,0,0,0,0,25,0,0,0,0,0,0,0,0,0
0390D,1992,8,OLOT (PARC NOU),440,228471,421015,0,18,0,62,0,0,0,455,0,0,0,0,0,251,70,0,0,0,0,0,0,0,0,0,0,0,0,0,10,0,0
0390D,1992,9,OLOT (PARC NOU),440,228471,421015,0,0,0,14,0,0,820,-3,44,0,0,0,0,0,0,0,0,0,0,0,50,14,22,0,0,900,0,0,0,0,
0390D,1992,10,OLOT (PARC NOU),440,228471,421015,0,156,0,17,0,88,176,556,0,0,37,8,82,0,0,90,210,28,65,0,6,0,0,0,0,0,0,0,10,22,208
0390D,1992,11,OLOT (PARC NOU),440,228471,421015,178,0,0,0,0,0,0,0,0,0,0,0,0,5,0,0,0,0,0,0,0,0,0,0,0,0,0,0,0,0,
0390D,1992,12,OLOT (PARC NOU),440,228471,421015,0,0,0,54,0,4,48,0,0,0,0,0,0,0,0,45,20,0,0,0,0,30,0,840,310,48,0,0,0,0,0
0390D,1993,1,OLOT (PARC NOU),440,228471,421015,0,0,0,0,0,0,0,0,0,0,0,0,0,0,0,0,0,0,0,0,0,0,0,0,0,0,0,0,0,0,115
0390D,1993,2,OLOT (PARC NOU),440,228471,421015,75,0,0,623,57,0,18,217,0,0,0,26,0,0,0,0,0,0,0,0,0,0,0,0,0,0,0,0,,,
0390D,1993,3,OLOT (PARC NOU),440,228471,421015,278,68,0,0,0,0,0,55,0,178,0,0,150,195,0,0,0,0,0,0,20,82,0,128,0,0,0,0,0,0,0
0390D,1993,4,OLOT (PARC NOU),440,228471,421015,193,0,0,60,0,0,0,0,0,0,0,0,0,0,0,0,0,0,0,0,0,89,0,161,33,61,211,0,512,0,
0390D,1993,5,OLOT (PARC NOU),440,228471,421015,122,0,0,0,0,38,155,0,0,171,17,149,6,138,202,0,0,0,88,0,0,0,0,0,0,14,0,0,0,0,0
0390D,1993,6,OLOT (PARC NOU),440,228471,421015,0,0,0,0,0,0,0,0,0,0,0,0,0,0,0,0,0,0,0,0,30,171,20,10,0,0,0,0,0,278,
0390D,1993,7,OLOT (PARC NOU),440,228471,421015,493,15,0,0,0,0,0,0,0,229,2,0,0,0,0,0,0,0,0,6,8,0,0,0,55,0,0,0,0,0,0
0390D,1993,8,OLOT (PARC NOU),440,228471,421015,0,0,2,0,0,250,0,129,0,0,0,60,0,23,0,0,0,0,0,0,0,0,1,291,0,0,0,0,0,0,0
0390D,1993,9,OLOT (PARC NOU),440,228471,421015,0,0,26,0,0,0,0,0,0,0,0,0,0,0,0,0,0,0,0,0,0,118,283,0,6,110,18,0,165,83,
0390D,1993,10,OLOT (PARC NOU),440,228471,421015,0,8,0,0,47,0,10,0,0,0,0,0,30,0,0,46,0,369,0,98,33,0,0,0,0,0,344,122,25,216,320
0390D,1993,11,OLOT (PARC NOU),440,228471,421015,81,0,0,140,11,72,57,60,0,8,0,9,0,0,0,0,0,0,0,0,0,0,0,42,15,0,0,0,0,0,
0390D,1993,12,OLOT (PARC NOU),440,228471,421015,113,0,0,0,0,0,0,0,0,0,0,0,5,0,0,0,0,0,0,0,0,0,0,0,36,0,0,0,0,0,38
0390D,1994,1,OLOT (PARC NOU),440,228471,421015,0,0,0,0,0,292,88,0,0,7,0,0,0,11,0,0,0,0,0,0,0,0,0,0,0,0,0,0,0,0,0
0390D,1994,2,OLOT (PARC NOU),440,228471,421015,0,0,235,0,0,0,59,0,0,0,0,0,0,260,33,39,0,0,0,15,0,0,0,0,0,0,0,0,,,
0390D,1994,3,OLOT (PARC NOU),440,228471,421015,0,0,0,0,0,0,0,0,0,0,0,106,0,0,0,0,0,0,0,0,322,0,0,0,0,0,0,0,0,0,0
0390D,1994,4,OLOT (PARC NOU),440,228471,421015,24,2,0,0,3,0,0,0,12,0,0,0,182,146,60,0,0,59,94,103,30,0,40,90,0,0,0,0,0,0,
0390D,1994,5,OLOT (PARC NOU),440,228471,421015,0,0,86,0,0,0,37,197,0,0,0,0,98,0,0,0,71,16,0,0,0,0,0,437,0,0,0,0,0,0,0
0390D,1994,6,OLOT (PARC NOU),440,228471,421015,0,0,0,0,0,0,0,106,0,0,0,0,0,0,0,0,0,0,0,0,0,0,0,0,247,95,0,0,0,0,
0390D,1994,7,OLOT (PARC NOU),440,228471,421015,0,0,0,0,0,0,0,0,0,0,0,0,0,0,0,0,0,0,118,0,0,49,0,178,0,0,0,0,51,0,118
0390D,1994,8,OLOT (PARC NOU),440,228471,421015,0,0,0,0,0,0,0,0,0,0,0,0,32,0,0,0,0,0,0,0,0,2,0,123,0,0,0,5,0,16,182
0390D,1994,9,OLOT (PARC NOU),440,228471,421015,145,0,0,14,0,0,0,0,0,0,0,66,35,0,0,0,1,0,0,417,121,42,210,0,0,0,70,95,546,289,
0390D,1994,10,OLOT (PARC NOU),440,228471,421015,9,61,2,56,0,0,0,0,286,647,250,39,9,0,79,52,0,4,29,36,0,0,0,6,0,0,50,0,0,0,0
0390D,1994,11,OLOT (PARC NOU),440,228471,421015,0,0,55,259,20,0,0,0,0,0,0,0,0,0,0,0,0,0,0,0,0,0,0,0,0,0,10,20,20,0,
0390D,1994,12,OLOT (PARC NOU),440,228471,421015,0,525,0,0,0,0,0,0,0,0,0,0,2,0,0,0,0,0,0,0,70,0,0,0,0,0,0,0,0,0,125
0390D,1995,1,OLOT (PARC NOU),440,228471,421015,200,0,0,0,0,0,0,15,0,0,0,0,0,0,0,0,107,65,0,0,0,0,0,0,0,0,0,0,0,0,0
0390D,1995,2,OLOT (PARC NOU),440,228471,421015,0,0,0,0,0,0,0,0,0,0,1,0,0,0,0,0,0,0,0,0,0,2,0,0,0,0,0,0,,,
0390D,1995,3,OLOT (PARC NOU),440,228471,421015,0,0,17,0,0,0,0,10,0,0,0,0,0,0,0,89,0,0,0,0,0,0,0,0,0,0,0,0,0,0,0
0390D,1995,4,OLOT (PARC NOU),440,228471,421015,0,0,0,0,0,0,0,0,0,0,0,0,0,0,0,0,0,0,6,41,5,0,28,0,57,0,0,0,161,0,
0390D,1995,5,OLOT (PARC NOU),440,228471,421015,0,0,0,0,0,0,0,0,124,97,425,104,0,0,0,58,0,83,60,0,0,0,0,0,134,5,0,0,90,45,0
0390D,1995,6,OLOT (PARC NOU),440,228471,421015,0,0,0,18,0,0,0,220,82,50,280,49,0,11,0,132,3,0,0,7,30,0,0,0,0,0,25,3,0,0,
0390D,1995,7,OLOT (PARC NOU),440,228471,421015,0,0,14,462,0,0,0,0,0,0,18,0,0,0,0,0,161,0,0,0,0,0,0,0,0,0,0,0,0,45,80
0390D,1995,8,OLOT (PARC NOU),440,228471,421015,144,0,0,0,0,445,136,0,0,67,0,0,0,0,0,0,0,58,0,42,99,50,77,4,0,0,0,0,0,0,0
0390D,1995,9,OLOT (PARC NOU),440,228471,421015,0,0,0,25,235,0,0,0,0,0,0,253,0,4,7,24,0,260,67,0,181,16,0,0,0,0,0,0,17,0,
0390D,1995,10,OLOT (PARC NOU),440,228471,421015,0,0,0,0,39,0,0,0,0,0,0,56,0,82,0,0,0,6,0,0,0,0,5,0,0,0,0,0,0,0,0
0390D,1995,11,OLOT (PARC NOU),440,228471,421015,0,0,0,0,0,0,0,0,0,5,3,0,0,0,0,0,0,0,0,0,75,157,0,0,490,82,0,0,0,12,
0390D,1995,12,OLOT (PARC NOU),440,228471,421015,56,86,26,91,0,0,75,218,384,134,0,0,0,0,561,215,0,0,0,0,0,0,0,0,0,0,0,0,12,2,0
0390D,1996,1,OLOT (PARC NOU),440,228471,421015,0,0,0,0,44,99,0,0,293,103,0,5,12,6,0,0,0,0,0,0,76,224,119,180,0,0,112,9,1485,140,40
0390D,1996,2,OLOT (PARC NOU),440,228471,421015,251,8,92,10,0,0,15,0,0,0,0,0,0,0,0,0,0,7,5,20,0,0,0,0,0,2,0,0,0,,
0390D,1996,3,OLOT (PARC NOU),440,228471,421015,0,0,0,0,61,185,0,14,177,7,0,0,0,12,8,0,0,0,0,0,0,0,0,0,0,90,0,0,9,0,0
0390D,1996,4,OLOT (PARC NOU),440,228471,421015,2,0,0,0,0,74,0,0,0,0,4,0,77,2,5,272,5,0,0,0,0,256,0,0,0,33,18,197,56,6,
0390D,1996,5,OLOT (PARC NOU),440,228471,421015,96,0,0,0,3,106,0,203,31,210,165,0,0,0,0,0,19,0,0,0,0,0,0,0,0,0,0,0,0,0,0
0390D,1996,6,OLOT (PARC NOU),440,228471,421015,200,138,0,0,0,0,0,0,0,0,0,0,0,0,0,0,0,254,93,16,0,0,43,6,23,0,0,0,0,0,
0390D,1996,7,OLOT (PARC NOU),440,228471,421015,0,44,0,0,0,31,0,0,0,0,0,0,8,0,0,0,0,59,0,143,0,0,0,58,0,0,551,0,99,0,0
0390D,1996,8,OLOT (PARC NOU),440,228471,421015,0,212,7,0,0,0,38,0,0,0,23,263,7,12,0,0,0,0,184,0,0,0,0,81,0,185,160,34,20,117,0
0390D,1996,9,OLOT (PARC NOU),440,228471,421015,0,270,20,0,141,0,0,0,0,0,34,28,0,0,0,0,233,11,1,2,232,0,0,0,79,0,0,0,0,0,
0390D,1996,10,OLOT (PARC NOU),440,228471,421015,0,42,0,0,14,12,0,0,0,2,0,0,124,529,0,0,0,0,0,0,0,0,3,0,0,0,0,0,2,0,0
0390D,1996,11,OLOT (PARC NOU),440,228471,421015,0,0,0,0,24,0,0,0,0,32,272,467,120,276,60,242,265,62,0,0,0,0,0,0,0,0,0,0,0,0,
0390D,1996,12,OLOT (PARC NOU),440,228471,421015,0,0,0,146,217,130,744,550,94,0,0,0,0,0,0,0,0,72,0,2,0,10,0,0,0,0,0,0,3,0,110
0390D,1997,1,OLOT (PARC NOU),440,228471,421015,119,93,188,0,115,8,13,58,0,0,0,0,0,0,0,0,57,0,41,10,0,17,340,174,0,0,183,130,0,0,0
0390D,1997,2,OLOT (PARC NOU),440,228471,421015,0,0,72,0,0,0,0,0,0,0,0,0,0,79,0,0,0,0,0,0,0,0,0,0,0,0,0,0,,,
0390D,1997,3,OLOT (PARC NOU),440,228471,421015,0,0,0,0,0,0,0,0,0,0,0,0,0,0,0,0,0,0,0,0,0,0,0,0,0,0,0,0,0,0,0
0390D,1997,4,OLOT (PARC NOU),440,228471,421015,0,0,0,0,0,0,0,0,0,0,0,0,0,0,0,0,149,118,98,33,0,0,0,0,2,0,0,10,0,0,
0390D,1997,5,OLOT (PARC NOU),440,228471,421015,0,0,0,27,0,25,0,0,0,0,0,52,0,0,0,0,0,0,0,0,116,0,0,0,4,0,0,0,0,0,54
0390D,1997,6,OLOT (PARC NOU),440,228471,421015,176,0,163,487,86,0,22,0,0,0,0,0,0,2,0,4,62,62,0,0,0,23,0,0,0,336,13,248,538,0,
0390D,1997,7,OLOT (PARC NOU),440,228471,421015,4,155,47,95,0,0,0,0,0,105,130,0,0,0,0,0,0,9,0,0,10,0,5,50,0,0,0,0,5,210,0
0390D,1997,8,OLOT (PARC NOU),440,228471,421015,0,0,0,0,22,62,0,0,0,65,20,0,0,0,18,45,0,248,15,59,190,20,0,0,8,322,0,0,0,0,0
0390D,1997,9,OLOT (PARC NOU),440,228471,421015,165,0,0,0,0,0,0,0,0,0,0,0,244,0,0,0,0,0,0,0,20,0,0,0,0,0,0,0,0,0,
0390D,1997,10,OLOT (PARC NOU),440,228471,421015,0,0,0,0,0,0,0,0,0,0,0,0,0,0,0,0,0,0,0,0,0,0,188,0,0,0,0,111,0,0,0
0390D,1997,11,OLOT (PARC NOU),440,228471,421015,0,0,-3,65,95,43,0,8,0,0,0,0,0,0,0,0,0,31,132,0,9,0,0,0,197,123,0,12,100,0,
0390D,1997,12,OLOT (PARC NOU),440,228471,421015,0,0,0,0,0,0,0,0,0,0,0,0,0,0,0,145,466,219,0,0,0,0,0,0,0,25,0,0,0,0,0
0390D,1998,1,OLOT (PARC NOU),440,228471,421015,65,0,0,0,0,0,0,0,0,0,0,0,18,0,0,0,0,0,-3,0,0,0,0,0,17,32,195,16,0,8,20
0390D,1998,2,OLOT (PARC NOU),440,228471,421015,25,42,0,0,0,0,0,0,0,0,0,0,0,0,0,0,0,0,0,0,0,9,0,0,0,0,0,0,,,
0390D,1998,3,OLOT (PARC NOU),440,228471,421015,0,0,0,0,0,0,0,0,0,0,13,0,0,0,0,0,0,0,0,0,0,0,0,0,0,0,0,0,0,4,0
0390D,1998,4,OLOT (PARC NOU),440,228471,421015,88,0,0,0,0,0,0,55,18,19,15,8,84,238,48,0,54,0,0,0,0,0,0,0,0,158,78,5,116,142,
0390D,1998,5,OLOT (PARC NOU),440,228471,421015,97,67,0,0,0,0,0,0,0,0,0,0,0,0,0,9,0,0,0,4,12,0,86,106,8,145,115,53,0,8,0
0390D,1998,6,OLOT (PARC NOU),440,228471,421015,0,0,27,0,67,24,418,0,0,107,128,0,22,142,32,0,0,0,0,0,0,0,0,0,0,0,0,0,0,0,
0390D,1998,7,OLOT (PARC NOU),440,228471,421015,0,0,0,0,0,0,205,0,0,0,0,0,0,50,0,0,0,0,0,0,0,0,0,0,0,0,0,0,0,0,0
0390D,1998,8,OLOT (PARC NOU),440,228471,421015,185,231,24,0,0,0,0,0,0,0,0,0,372,226,285,20,10,373,0,30,0,0,0,0,0,58,210,0,0,9,0
0390D,1998,9,OLOT (PARC NOU),440,228471,421015,0,0,0,0,0,0,91,0,0,111,23,0,0,0,0,0,0,0,0,0,0,0,76,53,99,0,33,0,55,0,
0390D,1998,10,OLOT (PARC NOU),440,228471,421015,0,120,0,4,220,0,0,0,0,0,0,0,0,0,0,0,0,215,0,0,0,0,0,0,51,0,0,0,0,0,0
0390D,1998,11,OLOT (PARC NOU),440,228471,421015,0,0,16,15,0,0,0,0,0,0,0,0,0,0,0,0,0,10,0,0,0,0,0,0,0,0,2,66,2,0,
0390D,1998,12,OLOT (PARC NOU),440,228471,421015,0,480,140,0,0,0,0,0,0,0,3,1,0,0,0,0,0,0,0,15,0,0,0,0,0,0,0,0,0,538,8
0390D,1999,1,OLOT (PARC NOU),440,228471,421015,280,0,0,0,0,0,0,0,345,168,0,0,0,0,0,0,227,0,0,0,0,0,0,0,0,0,0,0,0,0,0
0390D,1999,2,OLOT (PARC NOU),440,228471,421015,0,0,0,0,0,0,0,0,38,0,0,0,0,0,8,0,0,0,0,0,0,0,0,0,0,0,0,0,,,
0390D,1999,3,OLOT (PARC NOU),440,228471,421015,0,0,4,0,8,0,0,0,0,0,0,0,0,0,0,0,0,0,0,0,0,0,0,68,0,68,3,0,0,0,0
0390D,1999,4,OLOT (PARC NOU),440,228471,421015,0,0,0,0,0,0,24,0,0,0,4,16,0,86,159,0,0,47,0,0,0,45,192,0,168,235,35,68,0,0,
0390D,1999,5,OLOT (PARC NOU),440,228471,421015,0,100,77,0,40,0,13,48,0,0,0,0,0,95,8,116,68,0,286,48,0,0,0,7,18,0,0,0,0,0,-3
0390D,1999,6,OLOT (PARC NOU),440,228471,421015,0,0,0,0,59,20,69,0,96,19,0,36,91,0,0,0,40,0,0,0,0,0,0,0,0,0,0,0,243,0,
0390D,1999,7,OLOT (PARC NOU),440,228471,421015,0,0,0,0,19,0,0,0,0,0,0,0,16,0,0,0,0,0,3,0,0,213,0,0,0,0,15,0,172,5,176
0390D,1999,8,OLOT (PARC NOU),440,228471,421015,14,10,0,0,0,0,0,0,0,0,96,150,0,0,0,0,0,0,0,0,5,200,0,0,0,100,86,235,2,0,0
0390D,1999,9,OLOT (PARC NOU),440,228471,421015,0,13,111,37,165,8,2,0,0,0,0,0,95,283,6,0,156,4,239,0,0,0,0,0,0,0,0,0,0,6,
0390D,1999,10,OLOT (PARC NOU),440,228471,421015,10,0,0,0,0,0,0,0,0,0,0,137,0,0,34,0,122,13,0,434,0,15,15,0,0,0,0,0,0,0,0
0390D,1999,11,OLOT (PARC NOU),440,228471,421015,0,2,0,0,0,0,0,0,0,0,322,1705,49,0,0,0,0,5,0,0,0,0,0,0,0,0,0,0,0,0,
0390D,1999,12,OLOT (PARC NOU),440,228471,421015,0,0,0,0,0,0,0,0,0,0,0,0,0,200,131,0,0,-3,0,0,0,0,0,0,0,0,0,0,0,0,0
0390D,2000,1,OLOT (PARC NOU),440,228471,421015,0,0,0,0,0,0,0,3,37,0,0,0,0,33,29,0,0,0,0,0,0,0,0,0,0,1,0,0,0,0,0
0390D,2000,2,OLOT (PARC NOU),440,228471,421015,0,23,0,0,0,0,0,0,0,0,0,0,0,0,0,0,6,0,0,0,0,0,0,0,0,0,0,0,0,,
0390D,2000,3,OLOT (PARC NOU),440,228471,421015,-3,0,0,0,0,0,0,0,0,0,0,0,0,0,0,0,0,0,0,1,0,8,9,89,4,0,290,148,7,24,5
0390D,2000,4,OLOT (PARC NOU),440,228471,421015,0,54,100,140,152,0,0,5,11,169,22,0,0,0,0,290,10,0,0,0,0,5,0,0,0,0,223,87,0,0,
0390D,2000,5,OLOT (PARC NOU),440,228471,421015,0,0,0,0,33,0,0,0,3,484,0,0,0,0,0,0,228,6,0,0,10,45,0,100,58,115,1,0,-3,0,0
0390D,2000,6,OLOT (PARC NOU),440,228471,421015,0,0,0,0,120,0,0,0,413,240,20,9,6,70,0,0,0,0,0,0,0,0,0,0,0,0,0,14,50,0,
0390D,2000,7,OLOT (PARC NOU),440,228471,421015,0,0,0,0,0,0,0,0,0,234,47,0,0,0,0,0,0,5,6,0,0,0,85,0,0,0,0,0,0,0,0
0390D,2000,8,OLOT (PARC NOU),440,228471,421015,0,0,20,115,2,0,0,0,0,0,0,25,50,0,0,0,0,0,0,-3,3,0,0,0,0,0,0,0,0,101,0
0390D,2000,9,OLOT (PARC NOU),440,228471,421015,0,25,135,0,0,0,0,0,0,0,0,44,-3,0,0,-3,31,147,212,5,0,0,0,0,0,0,79,56,0,87,
0390D,2000,10,OLOT (PARC NOU),440,228471,421015,0,0,0,0,12,0,0,0,0,0,123,0,126,11,62,0,0,0,0,152,213,146,34,0,0,0,0,0,0,0,56
0390D,2000,11,OLOT (PARC NOU),440,228471,421015,0,0,0,0,48,0,0,0,0,0,0,0,40,0,0,0,0,0,0,0,0,8,55,0,2,3,0,0,61,0,
0390D,2000,12,OLOT (PARC NOU),440,228471,421015,0,0,0,0,14,40,3,0,0,0,0,0,0,0,0,0,0,0,0,100,730,618,214,112,0,0,0,0,0,0,0
0390D,2001,1,OLOT (PARC NOU),440,228471,421015,0,0,0,0,0,51,33,0,0,0,4,99,111,110,226,0,0,0,0,0,0,0,0,0,0,0,25,68,0,0,0
0390D,2001,2,OLOT (PARC NOU),440,228471,421015,0,0,0,0,0,0,0,0,0,0,0,0,65,272,0,0,0,0,0,0,0,0,0,38,0,0,0,0,,,
0390D,2001,3,OLOT (PARC NOU),440,228471,421015,37,0,0,20,1,0,48,0,0,40,0,130,0,0,0,6,0,0,0,0,0,0,0,0,0,69,25,34,35,0,0
0390D,2001,4,OLOT (PARC NOU),440,228471,421015,0,0,0,-3,0,0,72,0,0,0,0,0,0,0,0,27,0,8,230,0,8,0,0,0,0,-3,1,0,0,80,
0390D,2001,5,OLOT (PARC NOU),440,228471,421015,106,0,30,15,112,0,0,0,13,2,20,0,0,0,0,0,40,0,65,0,0,548,159,150,0,0,0,0,0,0,33
0390D,2001,6,OLOT (PARC NOU),440,228471,421015,8,0,0,0,0,0,0,0,15,577,0,83,34,0,8,0,0,0,0,0,0,0,0,0,0,0,134,0,0,0,
0390D,2001,7,OLOT (PARC NOU),440,228471,421015,0,0,38,0,0,0,0,0,41,0,0,0,0,335,94,0,0,0,143,0,0,0,0,0,0,0,0,18,0,0,0
0390D,2001,8,OLOT (PARC NOU),440,228471,421015,0,0,0,38,0,0,0,0,0,0,0,0,0,0,2,0,0,260,0,0,0,0,0,0,0,0,0,0,0,129,0
0390D,2001,9,OLOT (PARC NOU),440,228471,421015,32,0,390,4,0,0,0,0,0,0,0,0,0,2,0,0,9,0,0,0,130,134,0,2,13,0,0,31,1,0,
0390D,2001,10,OLOT (PARC NOU),440,228471,421015,0,0,0,0,0,0,0,0,338,0,0,0,2,0,0,0,170,0,135,75,0,0,0,0,1,0,0,0,0,1,0
0390D,2001,11,OLOT (PARC NOU),440,228471,421015,0,0,0,0,0,0,0,0,0,0,85,0,0,0,459,237,260,0,0,0,0,0,0,0,0,0,0,0,0,0,
0390D,2001,12,OLOT (PARC NOU),440,228471,421015,0,0,0,0,0,0,0,0,0,0,0,0,0,238,0,0,0,0,0,0,0,0,0,0,0,0,0,0,0,0,-3
0390D,2002,1,OLOT (PARC NOU),440,228471,421015,0,1,132,16,0,0,0,0,0,0,0,0,2,0,0,0,0,0,0,0,0,0,0,0,0,0,0,0,0,0,0
0390D,2002,2,OLOT (PARC NOU),440,228471,421015,0,0,0,0,59,0,0,0,0,0,0,0,84,25,25,44,18,0,0,0,0,0,0,0,0,0,0,0,,,
0390D,2002,3,OLOT (PARC NOU),440,228471,421015,0,0,0,0,0,0,0,0,0,0,0,0,30,0,0,0,0,0,0,0,0,0,0,0,0,0,13,40,83,0,0
0390D,2002,4,OLOT (PARC NOU),440,228471,421015,0,72,509,0,0,177,66,10,208,274,275,3,179,88,7,1,0,3,12,0,0,0,0,0,0,0,1,1,0,0,
0390D,2002,5,OLOT (PARC NOU),440,228471,421015,,,0,,,,,,,,104,0,0,0,0,0,63,0,0,0,0,85,84,1,0,67,64,0,0,0,0
0390D,2002,6,OLOT (PARC NOU),440,228471,421015,0,0,0,93,447,53,118,135,1,0,0,0,0,0,0,0,0,0,0,0,0,0,0,0,0,0,0,0,134,7,
0390D,2002,7,OLOT (PARC NOU),440,228471,421015,1,0,0,0,2,0,0,17,0,0,0,206,185,0,0,0,0,0,0,0,0,0,0,0,0,0,0,0,0,323,298
0390D,2002,8,OLOT (PARC NOU),440,228471,421015,0,0,0,6,240,15,0,48,334,7,0,0,0,0,16,4,0,16,182,0,52,0,0,137,25,190,37,0,0,47,15
0390D,2002,9,OLOT (PARC NOU),440,228471,421015,0,0,415,39,86,0,5,99,0,0,15,371,3,0,0,14,1,0,0,23,0,5,0,0,0,0,0,0,0,0,
0390D,2002,10,OLOT (PARC NOU),440,228471,421015,0,1,0,0,0,0,0,225,382,42,0,0,0,0,0,0,20,0,0,0,52,0,0,0,0,0,0,0,0,0,18
0390D,2002,11,OLOT (PARC NOU),440,228471,421015,0,0,10,0,0,48,0,0,0,0,0,0,42,43,3,0,0,0,0,106,5,1,10,211,0,0,0,0,9,0,
0390D,2002,12,OLOT (PARC NOU),440,228471,421015,0,9,0,0,0,0,0,0,65,423,8,0,0,0,0,0,0,5,0,0,0,0,0,0,0,0,0,0,0,24,0
0390D,2003,1,OLOT (PARC NOU),440,228471,421015,0,0,0,0,398,114,0,80,0,0,0,0,0,0,0,0,0,0,83,10,0,0,0,0,0,15,0,0,1,0,0
0390D,2003,2,OLOT (PARC NOU),440,228471,421015,0,0,0,10,0,0,0,0,13,0,0,0,10,3,4,0,63,0,287,551,9,13,3,17,451,319,0,0,,,
0390D,2003,3,OLOT (PARC NOU),440,228471,421015,0,10,5,0,95,46,0,0,0,0,0,0,0,0,47,0,0,0,0,0,0,0,0,0,0,0,11,201,1,47,0
0390D,2003,4,OLOT (PARC NOU),440,228471,421015,14,35,0,0,0,0,0,0,152,0,0,0,0,0,0,0,0,0,0,0,0,0,0,0,0,62,0,0,2,0,
0390D,2003,5,OLOT (PARC NOU),440,228471,421015,0,0,0,0,0,92,0,0,0,0,160,0,12,0,0,85,0,0,179,0,0,0,0,155,9,2,0,0,0,0,0
0390D,2003,6,OLOT (PARC NOU),440,228471,421015,0,134,0,0,11,134,0,0,0,0,0,0,0,9,27,0,65,0,0,0,0,0,0,0,0,0,236,6,0,0,
0390D,2003,7,OLOT (PARC NOU),440,228471,421015,0,250,106,0,8,116,22,7,6,0,0,0,0,0,0,0,0,0,0,1,0,0,28,6,0,0,1,0,0,62,0
0390D,2003,8,OLOT (PARC NOU),440,228471,421015,0,0,0,0,0,0,0,15,0,0,0,0,0,0,0,0,214,190,0,800,0,0,0,132,0,128,0,0,0,18,155
0390D,2003,9,OLOT (PARC NOU),440,228471,421015,417,5,0,13,83,166,51,0,1,0,0,0,0,0,0,0,0,0,0,0,0,98,13,0,0,2,150,285,4,186,
0390D,2003,10,OLOT (PARC NOU),440,228471,421015,0,0,0,175,0,0,0,0,0,0,0,0,137,0,250,505,780,4,190,0,4,13,0,0,49,162,0,52,0,9,102
0390D,2003,11,OLOT (PARC NOU),440,228471,421015,0,0,0,0,0,0,0,22,5,0,0,8,0,0,269,14,0,0,0,0,31,51,132,0,1,34,0,0,0,0,
0390D,2003,12,OLOT (PARC NOU),440,228471,421015,84,73,1006,83,6,0,100,0,3,4,0,0,0,0,0,0,0,5,6,0,0,0,0,0,0,0,0,28,0,0,0
0390D,2004,1,OLOT (PARC NOU),440,228471,421015,0,0,0,0,0,0,0,0,0,-3,0,0,0,9,0,0,29,0,4,0,0,1,0,10,0,0,79,0,0,0,0
0390D,2004,2,OLOT (PARC NOU),440,228471,421015,0,0,0,0,0,0,0,0,0,0,0,0,0,0,0,145,0,0,55,512,46,0,90,13,71,147,11,0,0,,
0390D,2004,3,OLOT (PARC NOU),440,228471,421015,0,0,0,0,0,59,0,0,0,0,0,17,21,0,0,0,0,0,0,0,0,12,0,0,19,7,76,0,498,209,21
0390D,2004,4,OLOT (PARC NOU),440,228471,421015,45,50,0,0,0,0,186,48,0,30,0,16,5,78,196,413,0,205,0,0,0,78,0,0,0,0,0,95,164,0,
0390D,2004,5,OLOT (PARC NOU),440,228471,421015,0,52,227,103,175,0,23,0,3,4,183,5,3,0,0,0,0,0,0,0,26,314,0,0,0,9,0,0,101,50,13
0390D,2004,6,OLOT (PARC NOU),440,228471,421015,6,0,0,0,0,0,0,0,0,0,355,253,0,40,48,0,0,1,434,6,0,0,0,25,0,0,0,0,0,0,
0390D,2004,7,OLOT (PARC NOU),440,228471,421015,0,0,0,0,19,0,0,0,0,182,34,0,0,0,0,32,0,0,0,0,0,0,0,87,0,0,0,0,39,0,0
0390D,2004,8,OLOT (PARC NOU),440,228471,421015,0,0,0,66,58,0,0,0,0,0,0,0,0,0,5,0,11,0,0,0,0,0,11,0,0,0,0,24,124,130,0
0390D,2004,9,OLOT (PARC NOU),440,228471,421015,77,0,96,0,0,2,8,0,0,0,12,0,2,19,463,0,0,0,0,0,0,0,0,25,0,0,0,0,0,0,
0390D,2004,10,OLOT (PARC NOU),440,228471,421015,0,0,0,0,0,0,0,0,0,0,185,87,0,6,0,0,0,0,0,0,3,0,0,0,112,0,0,0,0,82,0
0390D,2004,11,OLOT (PARC NOU),440,228471,421015,0,0,0,0,0,0,0,0,0,2,0,0,0,0,0,0,0,0,0,0,0,0,0,0,0,0,0,55,9,0,
0390D,2004,12,OLOT (PARC NOU),440,228471,421015,266,0,0,62,0,140,395,399,139,0,0,3,0,0,0,0,0,0,0,0,0,3,0,0,18,0,0,0,0,0,0
0390D,2005,1,OLOT (PARC NOU),440,228471,421015,0,0,0,0,0,0,0,0,0,0,0,0,0,0,0,0,0,10,0,0,0,0,0,1,0,0,0,0,0,0,0
0390D,2005,2,OLOT (PARC NOU),440,228471,421015,0,0,0,0,0,240,272,137,1,0,3,0,0,9,0,0,0,0,0,0,0,0,0,39,0,5,0,2,,,
0390D,2005,3,OLOT (PARC NOU),440,228471,421015,0,0,100,0,0,0,0,0,0,0,25,0,0,0,0,0,0,0,0,0,0,0,8,0,0,0,250,0,377,124,0
0390D,2005,4,OLOT (PARC NOU),440,228471,421015,0,46,43,0,0,0,0,118,0,0,0,0,0,8,139,0,0,45,0,1,1,0,1,11,0,0,0,0,0,0,
0390D,2005,5,OLOT (PARC NOU),440,228471,421015,0,1,0,172,0,0,0,0,4,0,1,0,14,0,2,277,148,0,0,0,0,127,0,0,0,0,0,0,0,0,0
0390D,2005,6,OLOT (PARC NOU),440,228471,421015,0,0,0,0,0,50,0,0,0,0,228,0,9,167,0,0,0,0,1,15,30,4,0,0,0,0,0,10,0,1,
0390D,2005,7,OLOT (PARC NOU),440,228471,421015,0,0,0,28,0,0,4,229,133,0,0,0,0,0,0,0,0,0,0,0,1,72,0,0,2,4,0,0,3,0,0
0390D,2005,8,OLOT (PARC NOU),440,228471,421015,162,54,0,0,0,0,0,0,10,8,51,0,69,0,0,0,10,17,60,444,0,0,0,0,0,0,106,0,0,0,0
0390D,2005,9,OLOT (PARC NOU),440,228471,421015,0,0,0,0,132,10,335,48,0,0,51,0,182,0,0,18,29,0,2,0,0,0,0,0,775,0,0,0,0,0,
0390D,2005,10,OLOT (PARC NOU),440,228471,421015,280,0,0,0,6,12,0,0,0,3,0,688,198,201,145,0,38,93,0,0,0,0,23,0,0,0,0,0,0,0,9
0390D,2005,11,OLOT (PARC NOU),440,228471,421015,0,0,0,25,0,0,0,0,97,2,0,98,465,612,2,0,0,0,0,0,0,0,0,0,5,0,0,0,0,0,
0390D,2005,12,OLOT (PARC NOU),440,228471,421015,21,29,10,0,0,0,0,0,0,0,0,0,0,0,0,0,0,0,0,0,0,0,0,0,0,1,0,0,0,0,0
0390D,2006,1,OLOT (PARC NOU),440,228471,421015,0,0,0,0,0,23,293,102,16,0,0,0,0,0,4,0,0,0,0,0,0,0,0,0,0,79,106,800,475,53,0
0390D,2006,2,OLOT (PARC NOU),440,228471,421015,0,0,0,0,0,0,0,0,0,0,0,0,0,0,0,0,0,39,0,0,57,0,0,0,0,49,0,0,,,
0390D,2006,3,OLOT (PARC NOU),440,228471,421015,10,0,0,5,0,0,0,0,92,32,0,0,0,0,0,0,0,97,21,0,205,125,0,0,0,0,0,0,0,0,0
0390D,2006,4,OLOT (PARC NOU),440,228471,421015,0,53,0,0,240,8,98,0,0,0,0,0,0,0,0,8,0,0,0,109,0,0,0,0,0,0,0,0,0,0,
0390D,2006,5,OLOT (PARC NOU),440,228471,421015,0,0,0,0,0,0,0,0,0,0,0,0,65,0,0,0,0,0,0,0,0,0,123,0,0,0,0,0,0,156,0
0390D,2006,6,OLOT (PARC NOU),440,228471,421015,0,0,0,0,0,0,0,0,0,0,0,0,0,0,32,10,0,0,0,0,0,33,0,0,0,0,0,10,0,0,
0390D,2006,7,OLOT (PARC NOU),440,228471,421015,22,0,0,0,0,0,0,240,0,0,0,0,30,13,248,0,0,0,0,0,0,0,26,0,9,0,0,25,0,0,0
0390D,2006,8,OLOT (PARC NOU),440,228471,421015,0,0,0,0,0,0,0,4,0,88,0,244,0,61,92,2,0,0,0,0,0,0,20,370,28,0,0,0,0,0,0
0390D,2006,9,OLOT (PARC NOU),440,228471,421015,0,0,0,0,0,0,0,318,0,0,0,227,470,62,38,4,0,0,0,0,0,41,42,18,0,0,0,0,0,0,
0390D,2006,10,OLOT (PARC NOU),440,228471,421015,0,0,0,46,0,0,0,0,0,0,95,70,0,0,0,0,2,120,0,0,0,0,0,0,0,0,0,0,0,0,0
0390D,2006,11,OLOT (PARC NOU),440,228471,421015,0,0,0,0,0,0,0,0,0,0,0,0,0,0,0,14,2,0,0,0,0,0,0,0,0,0,0,0,0,0,
0390D,2006,12,OLOT (PARC NOU),440,228471,421015,0,0,0,0,65,0,0,4,0,0,0,15,0,50,122,0,2,0,0,0,0,6,0,0,0,0,0,0,0,0,0
0390D,2007,1,OLOT (PARC NOU),440,228471,421015,0,0,0,0,0,0,0,0,0,0,0,0,0,0,0,0,0,0,0,0,0,1,0,0,0,0,0,0,0,25,18
0390D,2007,2,OLOT (PARC NOU),440,228471,421015,0,0,0,0,69,1,0,99,1,0,0,25,0,0,0,0,182,13,0,1,1,0,88,0,83,0,0,0,,,
0390D,2007,3,OLOT (PARC NOU),440,228471,421015,0,0,0,0,0,2,4,0,0,0,1,0,0,0,0,0,0,10,12,0,0,0,0,0,21,2,5,88,0,71,0
0390D,2007,4,OLOT (PARC NOU),440,228471,421015,160,657,127,55,6,0,0,0,68,18,2,351,388,58,8,0,0,0,0,0,0,0,0,0,0,3,0,12,4,7,
0390D,2007,5,OLOT (PARC NOU),440,228471,421015,233,42,9,21,15,0,0,0,0,0,0,0,0,416,0,0,0,0,0,34,4,0,0,0,0,143,170,0,0,4,2
0390D,2007,6,OLOT (PARC NOU),440,228471,421015,0,0,0,187,0,57,0,0,239,0,0,5,0,8,0,4,0,8,0,0,0,0,0,0,0,0,0,0,108,0,
0390D,2007,7,OLOT (PARC NOU),440,228471,421015,0,0,0,4,0,0,0,0,0,13,0,8,0,0,0,0,0,0,0,0,0,0,0,0,0,0,0,0,34,0,0
0390D,2007,8,OLOT (PARC NOU),440,228471,421015,0,0,0,0,0,150,140,5,0,0,0,380,0,0,0,39,0,40,100,0,61,23,160,5,0,0,0,1,1,0,0
0390D,2007,9,OLOT (PARC NOU),440,228471,421015,5,0,10,0,0,0,0,0,0,0,0,0,82,0,0,0,11,1,0,0,1,151,0,13,0,0,0,0,0,0,
0390D,2007,10,OLOT (PARC NOU),440,228471,421015,0,0,0,162,2,0,45,69,25,320,0,0,0,0,0,0,5,0,0,0,0,0,0,9,15,15,0,0,0,0,0
0390D,2007,11,OLOT (PARC NOU),440,228471,421015,0,0,0,0,0,0,0,0,0,0,0,0,0,0,0,0,0,0,3,31,0,40,38,0,0,0,0,0,0,0,
0390D,2007,12,OLOT (PARC NOU),440,228471,421015,0,0,0,0,0,0,0,3,0,0,0,0,0,0,63,0,0,0,0,10,133,44,0,0,0,0,0,0,0,0,0
0390D,2008,1,OLOT (PARC NOU),440,228471,421015,0,0,58,0,2,0,0,10,2,3,48,0,0,0,0,7,0,0,0,0,0,0,0,0,0,0,0,0,0,0,0
0390D,2008,2,OLOT (PARC NOU),440,228471,421015,0,0,195,3,0,0,0,0,0,0,0,0,0,0,0,1,0,0,16,11,0,0,38,0,2,12,0,0,44,,
0390D,2008,3,OLOT (PARC NOU),440,228471,421015,0,0,0,18,0,0,0,0,80,0,0,0,0,0,0,0,0,145,45,0,0,131,0,0,0,70,0,0,0,325,0
0390D,2008,4,OLOT (PARC NOU),440,228471,421015,0,0,0,0,0,0,1,0,0,78,101,3,21,20,0,0,12,65,0,13,47,20,23,0,0,0,0,130,0,1,
0390D,2008,5,OLOT (PARC NOU),440,228471,421015,0,0,0,0,0,6,0,0,223,330,50,1,218,1,0,36,155,10,0,10,0,42,5,189,263,80,67,0,0,3,24
0390D,2008,6,OLOT (PARC NOU),440,228471,421015,58,308,145,0,121,0,68,0,0,10,1,0,251,0,22,10,17,0,0,0,0,0,0,0,0,210,0,0,0,235,
0390D,2008,7,OLOT (PARC NOU),440,228471,421015,2,0,0,0,0,59,0,0,0,0,58,296,20,0,0,0,0,0,11,0,3,0,0,0,296,0,0,0,0,0,0
0390D,2008,8,OLOT (PARC NOU),440,228471,421015,0,0,0,3,0,0,0,0,0,10,111,0,0,115,0,0,0,0,0,0,0,519,0,0,0,0,0,0,0,0,22
0390D,2008,9,OLOT (PARC NOU),440,228471,421015,15,1,0,0,21,0,0,0,0,0,135,0,29,0,0,0,0,5,0,0,0,0,3,0,0,0,0,0,0,0,
0390D,2008,10,OLOT (PARC NOU),440,228471,421015,0,0,0,0,0,0,32,46,0,0,0,0,13,18,0,38,28,2,0,0,0,27,2,6,0,0,0,168,30,0,109
0390D,2008,11,OLOT (PARC NOU),440,228471,421015,691,145,0,0,11,2,0,0,0,0,13,110,0,0,0,0,0,0,0,0,0,0,0,4,0,0,18,0,5,0,
0390D,2008,12,OLOT (PARC NOU),440,228471,421015,10,0,0,0,0,0,0,80,25,0,0,0,24,15,0,3,0,0,0,0,0,0,0,0,30,1330,639,150,30,0,0
0390D,2009,1,OLOT (PARC NOU),440,228471,421015,3,0,0,0,0,70,0,0,188,24,1,0,0,0,0,0,0,0,30,9,0,21,4,0,42,0,0,0,0,1,297
0390D,2009,2,OLOT (PARC NOU),440,228471,421015,97,154,63,0,0,0,0,0,0,15,0,0,0,0,0,0,0,0,0,0,0,0,0,0,0,0,0,3,,,
0390D,2009,3,OLOT (PARC NOU),440,228471,421015,14,17,4,18,0,0,0,0,0,0,0,0,0,0,0,0,0,0,0,0,0,0,0,0,0,0,0,274,0,0,152
0390D,2009,4,OLOT (PARC NOU),440,228471,421015,52,79,0,0,0,17,308,12,0,290,1,87,0,0,16,6,57,14,25,3,0,0,0,0,89,169,8,136,0,309,
0390D,2009,5,OLOT (PARC NOU),440,228471,421015,0,0,0,0,0,0,0,7,0,4,0,0,0,86,2,0,0,0,0,0,0,0,0,0,0,0,0,0,0,0,1
0390D,2009,6,OLOT (PARC NOU),440,228471,421015,0,0,0,0,65,19,0,15,0,0,0,0,3,0,8,0,0,0,65,62,0,0,0,163,62,570,0,0,0,14,
0390D,2009,7,OLOT (PARC NOU),440,228471,421015,11,46,0,69,78,125,63,2,0,0,0,0,0,24,0,0,0,0,0,0,3,3,0,0,0,0,0,0,0,0,0
0390D,2009,8,OLOT (PARC NOU),440,228471,421015,0,0,0,0,0,0,0,44,16,60,0,0,0,0,2,0,2,0,0,0,0,4,0,0,114,2,0,0,0,0,0
0390D,2009,9,OLOT (PARC NOU),440,228471,421015,20,0,0,16,0,0,0,0,0,0,0,26,26,283,0,0,69,6,10,19,5,0,0,0,0,8,0,0,0,0,
0390D,2009,10,OLOT (PARC NOU),440,228471,421015,10,0,0,0,0,0,20,0,80,1,0,0,0,0,0,0,0,0,0,307,33,43,0,0,0,0,0,0,0,0,0
0390D,2009,11,OLOT (PARC NOU),440,228471,421015,8,0,0,39,35,0,0,114,0,0,0,0,0,0,0,0,0,0,0,0,2,0,0,0,0,0,0,0,9,14,
0390D,2009,12,OLOT (PARC NOU),440,228471,421015,0,0,0,0,0,0,0,0,0,0,0,0,0,0,0,0,0,0,0,0,26,7,58,67,7,28,2,0,0,0,0
0390D,2010,1,OLOT (PARC NOU),440,228471,421015,0,0,0,87,6,0,105,0,0,0,0,7,25,5,0,0,0,0,0,0,0,0,0,0,0,0,0,0,0,0,85
0390D,2010,2,OLOT (PARC NOU),440,228471,421015,0,0,0,47,3,0,0,216,60,0,0,0,0,0,105,69,0,185,34,0,2,0,0,0,0,0,0,0,,,
0390D,2010,3,OLOT (PARC NOU),440,228471,421015,0,138,198,42,0,74,129,197,0,0,0,0,0,0,0,0,0,0,0,0,153,0,0,3,0,0,0,0,8,0,0
0390D,2010,4,OLOT (PARC NOU),440,228471,421015,92,0,160,55,0,0,6,0,0,0,117,50,65,0,5,22,0,0,2,0,0,1,3,3,1,0,0,0,0,0,
0390D,2010,5,OLOT (PARC NOU),440,228471,421015,260,480,125,223,61,9,1,4,0,3,30,30,183,1,0,0,0,0,0,0,0,0,0,0,0,0,43,7,0,0,0
0390D,2010,6,OLOT (PARC NOU),440,228471,421015,0,0,0,0,0,1,0,0,94,28,30,0,25,345,0,0,0,133,95,0,0,0,0,0,0,19,217,14,3,207,
0390D,2010,7,OLOT (PARC NOU),440,228471,421015,185,0,238,0,0,0,0,0,0,0,0,0,0,0,0,0,0,0,0,0,0,52,0,0,0,0,0,40,2,0,0
0390D,2010,8,OLOT (PARC NOU),440,228471,421015,0,95,0,0,0,0,0,0,182,46,260,109,7,57,13,0,0,164,75,0,0,0,0,-3,0,0,0,0,0,0,0
0390D,2010,9,OLOT (PARC NOU),440,228471,421015,0,0,0,0,0,0,151,52,0,0,0,26,0,0,0,410,282,18,0,0,34,0,5,348,0,0,0,0,0,0,
0390D,2010,10,OLOT (PARC NOU),440,228471,421015,0,0,40,0,0,0,0,2,429,636,1410,55,1,0,0,0,0,0,0,0,0,0,0,0,0,0,0,0,2,71,8
0390D,2010,11,OLOT (PARC NOU),440,228471,421015,0,0,0,0,0,0,85,0,0,-3,0,0,0,6,8,0,8,0,0,12,0,0,0,0,0,0,2,0,145,22,
0390D,2010,12,OLOT (PARC NOU),440,228471,421015,0,0,0,0,3,0,0,0,0,0,0,0,0,0,0,0,0,0,0,0,6,189,48,56,0,0,0,0,0,0,52
0390D,2011,1,OLOT (PARC NOU),440,228471,421015,2,0,0,0,0,0,0,0,0,0,0,0,0,0,0,0,0,0,0,0,0,0,0,0,0,8,35,244,84,71,0
0390D,2011,2,OLOT (PARC NOU),440,228471,421015,0,0,0,0,0,0,0,0,0,0,0,0,0,28,0,0,34,0,0,3,0,0,0,0,0,0,0,0,,,
0390D,2011,3,OLOT (PARC NOU),440,228471,421015,0,55,28,15,0,0,38,11,0,0,0,780,12,568,573,3,1,0,0,0,0,16,0,0,0,46,15,16,110,0,0
0390D,2011,4,OLOT (PARC NOU),440,228471,421015,0,0,0,0,0,0,0,0,0,120,0,0,0,0,0,0,0,0,0,0,0,215,94,14,8,5,45,160,207,1,
0390D,2011,5,OLOT (PARC NOU),440,228471,421015,0,0,0,11,121,5,13,0,2,0,0,214,0,468,0,0,0,0,0,0,0,0,0,0,0,0,3,0,0,104,141
0390D,2011,6,OLOT (PARC NOU),440,228471,421015,0,0,18,189,10,17,174,180,0,233,0,0,80,13,0,0,0,0,0,0,0,0,0,0,0,0,0,0,0,0,
0390D,2011,7,OLOT (PARC NOU),440,228471,421015,0,0,48,42,0,133,0,0,0,0,0,160,149,2,8,0,36,48,6,0,10,0,0,0,18,556,59,2,0,0,0
0390D,2011,8,OLOT (PARC NOU),440,228471,421015,0,0,55,8,43,0,0,0,0,0,0,0,4,48,0,0,0,0,0,0,0,0,0,0,0,0,0,0,19,0,160
0390D,2011,9,OLOT (PARC NOU),440,228471,421015,0,40,61,0,0,0,0,0,0,0,0,0,0,0,0,0,872,136,0,0,0,0,0,155,0,0,0,0,0,0,
0390D,2011,10,OLOT (PARC NOU),440,228471,421015,0,0,0,0,0,0,0,0,0,0,0,0,0,0,0,0,0,0,20,0,0,0,17,82,0,0,293,141,9,0,0
0390D,2011,11,OLOT (PARC NOU),440,228471,421015,14,36,382,215,45,225,1,0,0,0,0,0,10,25,-4,590,0,0,,,,,0,0,0,0,0,0,0,0,
0390D,2011,12,OLOT (PARC NOU),440,228471,421015,0,0,2,0,0,0,0,0,0,0,0,0,0,0,0,0,0,0,0,0,0,0,0,0,0,0,0,0,0,0,0
0390D,2012,1,OLOT (PARC NOU),440,228471,421015,0,0,0,0,0,0,0,0,0,0,0,0,0,0,0,85,0,0,0,0,0,0,0,0,0,0,0,63,0,0,0
0390D,2012,2,OLOT (PARC NOU),440,228471,421015,0,3,0,0,0,0,0,0,0,0,0,0,0,0,0,0,0,0,0,0,0,0,0,0,0,0,0,0,0,,
0390D,2012,3,OLOT (PARC NOU),440,228471,421015,0,0,8,0,0,0,0,0,0,0,0,0,0,0,0,0,0,0,0,174,260,206,0,0,0,0,0,0,0,0,0
0390D,2012,4,OLOT (PARC NOU),440,228471,421015,0,0,0,198,75,8,8,26,0,0,0,0,18,0,0,0,0,0,0,0,0,0,0,0,0,0,0,0,0,0,
0390D,2012,5,OLOT (PARC NOU),440,228471,421015,0,0,0,4,0,63,0,0,0,0,0,0,44,73,0,0,9,11,72,35,71,0,0,0,5,1,0,0,0,139,0
0390D,2012,6,OLOT (PARC NOU),440,228471,421015,0,0,210,0,0,0,0,0,0,15,20,178,0,0,0,0,0,0,12,0,0,0,0,0,0,0,0,0,0,0,
0390D,2012,7,OLOT (PARC NOU),440,228471,421015,29,0,0,10,20,0,0,0,0,0,0,0,0,0,0,0,0,0,0,0,0,0,0,0,0,0,0,0,0,0,0
0390D,2012,8,OLOT (PARC NOU),440,228471,421015,0,0,0,0,,,0,0,0,0,0,0,0,0,0,0,0,0,0,52,0,0,0,0,12,0,0,390,70,150,0
0390D,2012,9,OLOT (PARC NOU),440,228471,421015,0,0,0,0,0,0,0,35,225,0,150,95,0,0,0,0,0,260,,0,3,0,0,0,0,1,0,50,480,0,
0390D,2012,10,OLOT (PARC NOU),440,228471,421015,0,0,0,0,0,0,0,0,0,150,10,66,0,58,0,0,0,25,40,295,35,19,0,0,120,0,0,0,0,420,10
0390D,2012,11,OLOT (PARC NOU),440,228471,421015,0,0,0,0,0,11,0,0,7,0,0,0,5,0,2,0,70,30,0,2,0,0,0,0,0,108,69,0,0,,
0390D,2012,12,OLOT (PARC NOU),440,228471,421015,0,0,0,0,0,0,0,0,0,-3,0,0,0,0,0,0,0,0,0,0,0,0,0,0,0,0,0,0,0,0,0
0390D,2013,1,OLOT (PARC NOU),440,228471,421015,0,0,0,0,0,0,0,0,0,0,0,0,0,0,0,0,0,11,80,0,0,0,0,0,0,0,0,0,0,0,0
0390D,2013,2,OLOT (PARC NOU),440,228471,421015,11,0,0,0,0,0,0,0,0,0,0,0,0,0,0,0,10,21,0,0,22,38,0,0,0,0,50,136,,,
0390D,2013,3,OLOT (PARC NOU),440,228471,421015,0,0,0,320,620,20,0,0,0,0,4,80,2,0,0,26,58,0,35,1,0,4,54,10,0,55,65,44,0,0,0
0390D,2013,4,OLOT (PARC NOU),440,228471,421015,76,55,0,125,92,0,0,39,0,0,0,0,0,0,0,0,0,11,49,0,0,0,0,0,215,173,102,78,248,0,
0390D,2013,5,OLOT (PARC NOU),440,228471,421015,0,4,0,19,0,0,9,46,10,3,0,0,0,2,147,10,164,-4,217,62,0,0,4,61,5,0,11,82,54,3,0
0390D,2013,6,OLOT (PARC NOU),440,228471,421015,0,0,0,66,2,0,28,35,35,0,0,0,0,0,0,0,2,26,0,0,126,0,16,0,0,0,0,0,0,0,
0390D,2013,7,OLOT (PARC NOU),440,228471,421015,0,0,8,0,0,0,0,0,0,1,9,5,0,183,0,71,92,168,484,22,3,0,112,0,0,0,0,84,0,0,0
0390D,2013,8,OLOT (PARC NOU),440,228471,421015,0,0,0,0,0,0,0,1,0,0,0,0,356,0,0,90,0,0,60,0,0,0,6,314,0,193,17,4,0,0,0
0390D,2013,9,OLOT (PARC NOU),440,228471,421015,0,0,0,0,0,0,187,0,0,129,0,0,0,128,0,0,0,0,0,0,0,0,0,0,0,0,0,0,135,0,
0390D,2013,10,OLOT (PARC NOU),440,228471,421015,0,2,52,125,48,22,0,0,0,11,32,0,0,0,0,0,0,0,0,0,0,0,0,0,0,0,0,0,0,0,0
0390D,2013,11,OLOT (PARC NOU),440,228471,421015,0,0,0,15,0,0,0,0,0,0,0,0,0,0,0,595,760,155,0,0,0,0,0,0,0,0,0,0,0,0,
0390D,2013,12,OLOT (PARC NOU),440,228471,421015,2,0,0,0,0,0,0,0,0,0,0,0,0,0,0,0,0,5,90,0,0,0,0,2,0,0,0,0,0,0,0
0390D,2014,1,OLOT (PARC NOU),440,228471,421015,0,0,0,65,0,0,0,0,0,0,4,0,0,1,0,0,0,137,4,8,0,19,0,0,0,0,0,0,74,15,1
0390D,2014,2,OLOT (PARC NOU),440,228471,421015,74,0,0,6,0,0,15,0,15,51,0,0,0,0,43,130,0,0,0,0,21,0,0,0,39,22,0,0,,,
0390D,2014,3,OLOT (PARC NOU),440,228471,421015,0,133,26,6,0,0,0,0,0,0,0,0,0,0,0,0,0,0,0,0,0,14,0,0,145,0,0,0,23,35,0
0390D,2014,4,OLOT (PARC NOU),440,228471,421015,0,25,88,26,0,0,0,4,0,0,129,0,0,0,0,0,0,0,10,110,89,24,3,53,0,57,0,4,41,0,
0390D,2014,5,OLOT (PARC NOU),440,228471,421015,182,0,0,0,0,0,0,0,0,9,0,97,8,0,0,0,0,0,0,51,8,0,7,0,41,87,51,252,37,44,5
0390D,2014,6,OLOT (PARC NOU),440,228471,421015,0,4,0,3,0,0,0,0,0,0,0,4,6,92,135,2,172,61,0,0,0,0,4,16,5,98,0,0,115,0,
0390D,2014,7,OLOT (PARC NOU),440,228471,421015,0,30,6,7,0,275,115,2,0,0,0,6,91,0,0,0,0,3,0,35,0,0,0,16,153,0,0,296,27,0,0
0390D,2014,8,OLOT (PARC NOU),440,228471,421015,41,103,0,2,24,3,132,14,0,0,0,14,0,20,14,0,0,0,190,45,5,690,0,0,0,0,0,10,25,198,0
0390D,2014,9,OLOT (PARC NOU),440,228471,421015,0,0,0,20,482,34,0,12,98,0,0,0,0,30,0,4,0,0,0,0,0,0,0,14,0,0,0,530,179,9,
0390D,2014,10,OLOT (PARC NOU),440,228471,421015,9,0,0,272,0,0,0,0,0,7,55,0,0,1,0,0,0,0,0,0,0,0,0,0,0,0,0,0,0,0,0
0390D,2014,11,OLOT (PARC NOU),440,228471,421015,0,0,150,0,0,0,0,0,4,0,0,0,0,31,0,2,0,0,0,2,0,0,65,6,116,97,179,532,869,,
0390D,2014,12,OLOT (PARC NOU),440,228471,421015,5,0,7,15,2,0,0,0,0,0,0,0,0,140,56,0,11,0,0,0,0,0,0,0,0,0,1,0,0,0,0
0390D,2015,1,OLOT (PARC NOU),440,228471,421015,0,0,0,0,0,0,0,0,0,0,0,0,0,0,0,2,0,48,82,0,0,0,0,0,0,0,0,0,9,0,0
0390D,2015,2,OLOT (PARC NOU),440,228471,421015,0,-3,10,0,0,0,0,0,0,0,0,0,0,0,0,0,0,0,0,0,0,0,86,0,0,2,0,0,,,
0390D,2015,3,OLOT (PARC NOU),440,228471,421015,0,0,0,212,0,0,0,0,0,0,0,0,179,42,12,7,14,0,0,176,461,70,47,37,0,0,0,0,0,0,0
0390D,2015,4,OLOT (PARC NOU),440,228471,421015,0,0,0,0,0,0,0,0,0,0,0,0,0,0,1,65,48,73,47,0,1,0,52,0,0,80,2,0,58,0,
0390D,2015,5,OLOT (PARC NOU),440,228471,421015,0,0,0,0,0,0,0,0,0,0,0,0,0,0,0,0,0,0,225,81,0,0,0,0,0,0,0,0,0,21,185
0390D,2015,6,OLOT (PARC NOU),440,228471,421015,7,-3,0,0,0,0,0,63,241,1010,9,3,2,285,91,164,0,0,0,0,0,219,139,0,0,0,0,0,0,0,
0390D,2015,7,OLOT (PARC NOU),440,228471,421015,0,0,0,0,0,0,0,0,0,0,0,0,0,0,0,0,0,0,0,2,0,279,0,340,0,0,0,0,22,207,259
0390D,2015,8,OLOT (PARC NOU),440,228471,421015,0,0,0,0,0,0,0,41,40,0,0,9,0,150,48,1,161,316,0,0,0,55,0,0,0,0,0,0,0,0,0
0390D,2015,9,OLOT (PARC NOU),440,228471,421015,30,114,50,28,0,0,0,0,0,34,0,2,0,0,0,6,0,0,0,0,0,0,0,0,0,0,0,0,664,172,
0390D,2015,10,OLOT (PARC NOU),440,228471,421015,46,10,0,0,0,0,0,0,0,0,0,254,48,5,0,0,3,2,0,0,0,0,0,0,0,49,0,0,0,0,0
0390D,2015,11,OLOT (PARC NOU),440,228471,421015,0,640,0,0,0,0,0,0,0,0,0,0,0,0,0,0,0,0,0,10,0,0,0,0,2,0,0,0,0,0,
0390D,2015,12,OLOT (PARC NOU),440,228471,421015,0,0,0,3,0,0,0,0,0,0,0,0,0,0,0,0,0,0,0,0,0,0,0,0,0,0,0,0,0,0,0
0390D,2016,1,OLOT (PARC NOU),440,228471,421015,0,0,1,2,45,0,0,0,0,0,0,0,0,0,0,0,0,0,0,0,0,0,0,0,0,0,0,0,0,0,0
0390D,2016,2,OLOT (PARC NOU),440,228471,421015,0,0,0,0,0,-4,26,0,0,10,5,0,0,111,0,0,0,0,0,0,7,0,0,0,6,151,159,0,0,,
0390D,2016,3,OLOT (PARC NOU),440,228471,421015,0,0,0,42,3,0,68,0,0,0,0,0,0,0,0,310,74,32,93,182,0,0,0,0,0,0,0,0,0,0,0
0390D,2016,4,OLOT (PARC NOU),440,228471,421015,14,0,0,212,105,0,51,0,0,0,0,0,0,0,0,0,0,0,0,154,88,167,112,0,0,0,71,13,15,13,
0390D,2016,5,OLOT (PARC NOU),440,228471,421015,0,0,0,0,0,0,6,31,189,62,2,202,27,12,99,0,0,147,0,0,0,20,0,0,0,0,0,18,75,18,89
0390D,2016,6,OLOT (PARC NOU),440,228471,421015,34,0,151,83,1,55,0,7,0,43,42,0,7,0,127,0,69,64,0,0,0,0,0,0,0,0,0,0,0,317,
0390D,2016,7,OLOT (PARC NOU),440,228471,421015,0,0,0,0,0,0,0,29,0,0,0,0,76,0,0,0,0,0,0,0,16,9,0,0,0,0,14,0,0,0,178
0390D,2016,8,OLOT (PARC NOU),440,228471,421015,0,0,0,0,0,0,0,0,426,0,0,0,0,0,0,100,9,0,21,5,0,0,0,0,0,0,0,0,223,0,0
0390D,2016,9,OLOT (PARC NOU),440,228471,421015,0,0,0,0,0,0,0,0,113,46,0,0,61,3,0,0,149,0,0,0,0,0,0,0,5,0,0,0,0,0,
0390D,2016,10,OLOT (PARC NOU),440,228471,421015,147,0,3,0,0,148,0,0,0,0,0,241,332,13,0,0,0,0,0,0,1,0,0,28,0,0,0,0,0,0,0
0390D,2016,11,OLOT (PARC NOU),440,228471,421015,0,0,0,0,80,12,74,0,0,0,0,0,0,0,0,0,0,0,0,120,255,6,158,0,0,274,0,0,118,0,
0390D,2016,12,OLOT (PARC NOU),440,228471,421015,0,0,0,590,143,0,0,0,0,0,0,0,0,0,9,191,0,0,20,35,0,0,0,0,0,0,0,0,0,0,0
0390D,2017,1,OLOT (PARC NOU),440,228471,421015,0,0,0,0,0,0,0,0,0,0,0,0,0,0,0,1,0,0,5,235,22,160,0,0,80,20,238,23,0,0,0
0390D,2017,2,OLOT (PARC NOU),440,228471,421015,0,8,0,2,2,0,367,0,0,0,39,60,376,84,0,0,0,0,0,0,0,0,0,0,0,0,0,0,,,
0390D,2017,3,OLOT (PARC NOU),440,228471,421015,0,0,171,0,0,0,0,0,0,0,0,0,0,0,0,0,0,0,0,0,0,0,0,563,7,0,0,0,0,0,21
0390D,2017,4,OLOT (PARC NOU),440,228471,421015,0,0,3,0,0,0,0,0,0,119,0,0,0,70,56,0,0,0,0,0,0,0,0,0,134,338,42,0,0,17,
0390D,2017,5,OLOT (PARC NOU),440,228471,421015,0,32,24,3,6,10,0,0,0,12,11,0,0,21,0,0,0,41,17,0,0,1,0,0,0,0,0,0,14,0,0
0390D,2017,6,OLOT (PARC NOU),440,228471,421015,73,153,12,53,4,0,0,2,0,0,0,0,0,0,0,0,0,0,0,0,0,0,0,0,0,0,0,41,2,123,
0390D,2017,7,OLOT (PARC NOU),440,228471,421015,15,0,0,0,0,0,0,0,50,164,0,0,0,0,0,0,0,0,0,0,12,0,385,0,2,0,0,0,0,0,0
0390D,2017,8,OLOT (PARC NOU),440,228471,421015,23,0,0,0,8,0,2,4,53,51,0,0,0,0,39,0,0,0,0,0,0,0,0,0,0,0,0,0,0,31,334
0390D,2017,9,OLOT (PARC NOU),440,228471,421015,6,0,0,0,0,121,0,0,212,0,0,1,0,214,124,7,0,39,0,0,0,18,7,0,76,8,0,0,0,18,
0390D,2017,10,OLOT (PARC NOU),440,228471,421015,4,0,0,0,0,0,0,0,0,0,0,0,0,0,0,0,0,174,228,0,0,0,0,0,0,0,0,0,0,0,0
0390D,2017,11,OLOT (PARC NOU),440,228471,421015,0,0,0,40,0,0,0,0,0,0,0,0,0,0,0,0,0,0,0,0,0,0,0,0,0,0,0,0,17,0,
0390D,2017,12,OLOT (PARC NOU),440,228471,421015,0,0,0,0,0,0,0,0,0,0,5,6,0,0,0,0,0,49,0,0,0,0,0,0,0,0,0,0,0,0,0
0390D,2018,1,OLOT (PARC NOU),440,228471,421015,5,0,0,0,0,120,190,0,0,31,0,0,30,0,0,0,0,0,0,0,0,0,0,0,176,15,0,0,0,0,0
0390D,2018,2,OLOT (PARC NOU),440,228471,421015,146,0,0,260,464,0,0,0,0,0,0,3,0,0,5,6,148,0,4,4,0,0,0,0,0,180,5,292,,,
0390D,2018,3,OLOT (PARC NOU),440,228471,421015,56,0,0,85,0,9,0,0,0,0,0,6,0,27,0,0,1,0,35,0,0,0,0,79,81,0,3,0,0,0,0
0390D,2018,4,OLOT (PARC NOU),440,228471,421015,0,0,0,0,0,3,19,510,13,548,137,27,139,63,0,0,0,0,0,0,0,0,0,0,0,0,0,28,87,0,
0390D,2018,5,OLOT (PARC NOU),440,228471,421015,0,0,0,0,30,37,65,67,212,119,0,324,2,14,0,0,0,12,109,40,0,437,29,0,24,0,0,15,16,132,21
0390D,2018,6,OLOT (PARC NOU),440,228471,421015,23,0,125,59,293,56,68,0,0,16,0,0,0,0,0,0,0,0,0,0,0,0,0,0,0,0,0,59,0,0,
0390D,2018,7,OLOT (PARC NOU),440,228471,421015,0,0,0,0,46,0,167,4,10,226,94,0,0,0,0,276,0,0,0,0,0,310,0,54,2,0,0,0,8,-3,0
0390D,2018,8,OLOT (PARC NOU),440,228471,421015,4,0,0,0,0,0,4,3,242,0,2,10,129,0,0,0,187,0,0,0,0,0,2,11,0,0,3,0,12,6,34
0390D,2018,9,OLOT (PARC NOU),440,228471,421015,0,0,339,19,12,126,109,0,0,0,0,52,0,0,0,0,0,0,0,0,0,0,0,0,0,0,0,0,78,0,
0390D,2018,10,OLOT (PARC NOU),440,228471,421015,0,0,0,0,0,19,100,46,362,12,0,0,0,700,245,17,98,89,4,0,0,0,0,0,0,81,162,42,0,119,212
0390D,2018,11,OLOT (PARC NOU),440,228471,421015,0,0,0,0,148,0,0,176,0,0,0,0,0,51,163,31,327,268,68,6,0,2,32,0,5,2,0,0,0,1,
0390D,2018,12,OLOT (PARC NOU),440,228471,421015,0,0,0,0,0,0,0,0,0,0,0,0,42,1,1,22,0,0,0,0,0,0,0,0,0,0,0,0,0,0,0
0390D,2019,1,OLOT (PARC NOU),440,228471,421015,0,0,0,0,0,0,0,0,0,0,0,0,0,0,0,0,2,0,6,0,0,0,0,0,0,0,6,39,0,0,4
0390D,2019,2,OLOT (PARC NOU),440,228471,421015,3,1,0,0,0,0,0,0,0,0,0,0,0,0,0,0,0,0,0,0,0,0,0,0,0,0,0,0,,,
0390D,2019,3,OLOT (PARC NOU),440,228471,421015,0,0,0,0,0,59,0,0,0,0,4,0,0,0,0,0,0,0,0,0,0,0,0,0,0,0,0,0,0,0,0
0390D,2019,4,OLOT (PARC NOU),440,228471,421015,0,136,91,0,105,0,15,39,146,31,0,0,0,0,52,0,0,0,0,82,1,54,23,19,14,1,0,0,0,0,
0390D,2019,5,OLOT (PARC NOU),440,228471,421015,82,63,87,1,0,0,0,0,0,6,117,0,0,0,0,83,52,17,0,84,3,0,11,63,0,0,0,13,0,0,0
0390D,2019,6,OLOT (PARC NOU),440,228471,421015,0,0,0,0,0,0,0,0,0,2,198,2,19,0,0,0,0,0,0,0,11,0,0,0,0,0,0,0,0,0,
0390D,2019,7,OLOT (PARC NOU),440,228471,421015,0,0,106,0,0,0,2,25,16,0,0,0,0,34,0,0,8,64,0,0,0,0,0,0,0,0,179,0,0,0,0
0390D,2019,8,OLOT (PARC NOU),440,228471,421015,0,0,0,26,0,0,0,164,0,0,13,0,0,0,6,0,0,0,0,0,0,0,0,14,0,0,0,0,0,0,0
0390D,2019,9,OLOT (PARC NOU),440,228471,421015,140,0,0,0,26,0,2,0,164,85,14,0,2,14,0,0,0,69,76,5,67,10,0,0,0,0,0,0,0,0,
0390D,2019,10,OLOT (PARC NOU),440,228471,421015,249,0,0,0,0,0,0,0,14,0,0,0,0,7,0,0,0,0,29,20,59,858,6,0,0,0,0,0,0,2,11
0390D,2019,11,OLOT (PARC NOU),440,228471,421015,52,32,59,34,0,0,8,4,9,0,0,0,0,84,0,0,0,1,0,0,0,190,6,0,0,0,0,0,0,13,
0390D,2019,12,OLOT (PARC NOU),440,228471,421015,0,0,69,698,26,0,0,0,0,0,0,4,1,0,0,0,0,0,227,16,68,0,0,0,0,0,0,0,0,0,0
0390D,2021,1,OLOT (PARC NOU),440,228471,421015,0,0,0,0,0,0,0,142,188,0,0,14,0,0,0,0,0,0,0,0,59,10,0,0,0,0,0,0,0,79,0
0390D,2021,2,OLOT (PARC NOU),440,228471,421015,0,0,0,0,0,52,0,87,0,0,0,74,47,13,0,0,0,0,0,0,80,130,0,0,0,1,0,0,,,
0390D,2021,3,OLOT (PARC NOU),440,228471,421015,0,0,0,0,139,33,26,-3,17,0,0,79,0,0,0,0,0,9,1,0,0,0,0,0,0,0,0,0,0,0,0
0390D,2021,4,OLOT (PARC NOU),440,228471,421015,0,0,0,0,0,14,0,0,2,0,-4,260,0,0,2,2,0,0,0,14,0,0,0,0,2,96,2,54,267,193,
0390D,2021,5,OLOT (PARC NOU),440,228471,421015,152,3,0,0,0,0,15,0,0,62,43,0,3,4,0,39,0,5,0,0,0,0,0,0,0,0,0,0,125,225,14
0390D,2021,6,OLOT (PARC NOU),440,228471,421015,16,36,0,1,11,30,98,0,3,19,20,0,0,0,0,0,12,0,34,0,0,0,4,0,0,0,0,0,14,0,
0390D,2021,7,OLOT (PARC NOU),440,228471,421015,0,0,0,0,0,31,0,3,0,0,1,43,0,2,0,0,0,0,0,0,2,0,0,1,0,34,0,0,0,13,173
0390D,2021,8,OLOT (PARC NOU),440,228471,421015,0,850,5,235,0,0,0,0,0,0,0,71,0,2,0,0,0,0,60,0,46,2,54,0,370,0,0,0,0,76,129
0390D,2021,9,OLOT (PARC NOU),440,228471,421015,0,0,25,0,11,12,0,129,2,0,60,290,0,3,62,31,0,377,2,306,0,0,0,0,0,0,0,179,0,0,
0390D,2021,10,OLOT (PARC NOU),440,228471,421015,0,0,109,200,2,0,0,0,0,0,0,0,0,0,0,0,0,0,0,0,0,0,0,0,0,0,0,0,31,6,24
0390D,2021,11,OLOT (PARC NOU),440,228471,421015,2,0,189,2,0,0,0,0,17,389,158,32,0,0,4,3,0,0,0,0,0,0,369,191,0,0,6,0,0,0,
0390D,2021,12,OLOT (PARC NOU),440,228471,421015,6,0,0,0,0,0,0,0,6,0,0,0,0,0,0,0,0,0,0,0,0,0,1,14,0,0,0,0,0,0,0
0390D,2022,1,OLOT (PARC NOU),440,228471,421015,0,0,0,0,0,0,0,1,1,6,0,0,0,0,0,0,0,0,0,0,0,0,0,0,0,0,0,0,0,0,0
0390D,2022,2,OLOT (PARC NOU),440,228471,421015,0,0,0,0,0,0,0,0,0,0,0,0,0,4,10,0,0,0,56,0,0,0,0,0,0,0,0,0,,,
0390D,2022,3,OLOT (PARC NOU),440,228471,421015,0,0,0,3,12,18,4,10,0,2,190,270,2,117,27,2,20,50,17,170,110,24,2,0,0,2,0,0,260,91,172
0390D,2022,4,OLOT (PARC NOU),440,228471,421015,0,0,5,0,0,0,0,0,1,0,0,22,14,0,0,0,0,0,93,273,53,0,55,30,0,0,0,0,178,0,
0390D,2022,5,OLOT (PARC NOU),440,228471,421015,80,37,2,65,0,0,0,2,138,0,0,0,0,0,0,0,0,0,0,0,0,0,0,579,0,0,0,0,8,0,0
0390D,2022,6,OLOT (PARC NOU),440,228471,421015,0,0,0,0,0,0,0,3,0,0,0,3,2,0,0,0,0,0,0,0,99,0,0,0,0,0,7,0,0,10,
0390D,2022,7,OLOT (PARC NOU),440,228471,421015,0,0,0,0,4,0,0,0,0,0,0,0,0,0,0,0,0,0,0,0,0,0,0,0,105,0,0,0,2,0,0
0390D,2022,8,OLOT (PARC NOU),440,228471,421015,0,0,0,0,142,26,79,0,0,29,0,85,199,0,20,0,727,30,0,0,0,0,0,0,49,0,14,70,0,0,50
0390D,2022,9,OLOT (PARC NOU),440,228471,421015,0,200,80,70,0,0,0,0,0,0,0,35,37,0,210,22,0,0,0,0,0,0,580,475,0,0,0,40,260,0,
0390D,2022,10,OLOT (PARC NOU),440,228471,421015,0,0,0,0,0,0,197,13,0,0,0,3,0,0,0,0,0,0,0,7,0,0,0,0,0,0,0,0,0,0,0
0390D,2022,11,OLOT (PARC NOU),440,228471,421015,0,0,0,0,0,0,0,0,7,0,0,0,0,0,0,0,20,131,0,2,122,0,0,0,72,0,0,0,0,0,
0390D,2022,12,OLOT (PARC NOU),440,228471,421015,0,0,1,0,0,0,0,15,38,0,0,28,25,63,0,22,0,0,0,0,0,0,0,0,0,0,0,0,0,0,0
0390D,2023,1,OLOT (PARC NOU),440,228471,421015,0,0,0,0,0,0,0,0,0,0,0,0,0,0,0,0,24,0,3,0,0,0,0,52,0,0,0,0,0,0,0
0390D,2023,2,OLOT (PARC NOU),440,228471,421015,0,0,0,0,0,35,540,30,0,0,0,0,0,0,0,0,24,0,3,0,7,127,0,1,68,0,0,0,,,
0390D,2023,3,OLOT (PARC NOU),440,228471,421015,2,0,0,0,0,0,1,0,0,0,0,0,0,0,0,0,0,95,128,0,0,0,0,0,0,0,0,0,0,0,0
0390D,2023,4,OLOT (PARC NOU),440,228471,421015,240,0,0,0,0,0,0,0,0,0,0,0,5,20,0,0,0,10,0,60,0,0,29,0,12,0,52,0,140,170,
0390D,2023,5,OLOT (PARC NOU),440,228471,421015,0,0,0,0,0,0,20,0,40,110,90,15,10,0,0,0,0,0,8,2,0,38,9,155,112,10,0,0,0,0,5
0390D,2023,6,OLOT (PARC NOU),440,228471,421015,30,410,450,8,115,109,0,0,0,111,2,1,120,10,0,0,6,0,0,8,0,0,0,0,0,0,15,0,140,240,
0390D,2023,7,OLOT (PARC NOU),440,228471,421015,0,10,30,45,40,108,0,0,0,0,0,0,0,0,0,0,0,0,0,0,320,0,0,0,0,0,90,0,0,0,0
0390D,2023,8,OLOT (PARC NOU),440,228471,421015,0,0,15,0,0,0,0,0,0,0,0,30,0,0,0,0,0,0,0,0,0,0,0,0,0,400,210,0,3,0,0
0390D,2023,9,OLOT (PARC NOU),440,228471,421015,0,0,0,0,0,0,0,0,0,0,0,190,12,15,205,0,6,0,9,45,4,2,0,0,0,0,0,0,0,0,
0390D,2023,10,OLOT (PARC NOU),440,228471,421015,0,0,0,0,0,0,0,0,0,0,0,0,0,0,48,22,0,2,0,0,0,1,10,0,0,0,0,0,0,18,0
0390D,2023,11,OLOT (PARC NOU),440,228471,421015,0,41,0,0,0,0,0,6,2,0,0,0,0,0,0,0,0,0,0,0,53,0,0,0,0,0,0,0,0,0,
0390D,2023,12,OLOT (PARC NOU),440,228471,421015,129,0,0,10,0,0,50,0,0,0,0,0,0,0,0,0,0,0,0,0,0,0,0,0,0,0,0,0,0,0,0
0390D,2024,1,OLOT (PARC NOU),440,228471,421015,0,0,0,6,8,0,0,0,0,10,1,0,0,0,3,4,8,2,40,0,0,0,0,0,0,0,0,0,0,0,0
0390D,2024,3,OLOT (PARC NOU),440,228471,421015,0,96,0,0,17,0,18,60,230,0,0,0,0,2,41,0,0,0,125,0,0,2,8,6,125,40,40,0,1,88,150
0390D,2024,4,OLOT (PARC NOU),440,228471,421015,0,0,0,0,0,0,0,0,6,0,0,0,0,0,0,1,9,0,0,0,8,0,0,0,34,75,38,304,426,214,
0390D,2024,5,OLOT (PARC NOU),440,228471,421015,2,0,0,0,2,190,45,0,0,0,0,0,4,260,8,4,44,50,4,0,22,44,50,58,0,0,10,0,0,350,140
0390D,2024,6,OLOT (PARC NOU),440,228471,421015,55,0,27,61,0,0,2,0,30,180,126,486,0,0,0,0,0,0,95,38,29,18,0,0,0,0,0,0,20,80,
0390D,2024,7,OLOT (PARC NOU),440,228471,421015,0,0,0,0,0,124,0,0,0,0,4,8,0,0,0,0,0,0,80,0,250,0,0,0,0,0,0,0,0,0,0
0390D,2024,8,OLOT (PARC NOU),440,228471,421015,0,156,0,0,25,0,0,0,0,0,0,0,6,88,0,0,417,0,0,0,0,0,1,0,0,108,0,0,0,0,0